Subject,Start Date,Start Time,End Date,End Time,All Day Event,Description
【決算】ディスコ(6146) 第1四半期決算発表,07/23/2026,04:00 PM,07/23/2026,04:30 PM,False,2026年4-6月期 第1四半期決算発表（日付:予定/moomoo集計）。時刻は前年2025年Q1の開示時刻16:00に準拠。
【決算】信越化学工業(4063) 第1四半期決算発表,07/24/2026,03:30 PM,07/24/2026,04:00 PM,False,2026年4-6月期 第1四半期決算発表（日付:予定/moomoo集計）。時刻は前年2025年Q1の開示時刻15:30に準拠。
【決算】SCREEN HD(7735) 第1四半期決算発表,07/28/2026,03:45 PM,07/28/2026,04:15 PM,False,2026年4-6月期 第1四半期決算発表（日付:予定/moomoo集計）。時刻は前年2025年Q1の開示時刻15:45に準拠。
【決算】南都銀行(8367) 第1四半期決算発表,07/28/2026,04:00 PM,07/28/2026,04:30 PM,False,2026年4-6月期 第1四半期決算発表（日付:南都銀行公式IRカレンダー）。時刻は前年2025年Q1の開示時刻16:00に準拠。
【決算】アドバンテスト(6857) 第1四半期決算発表,07/29/2026,03:30 PM,07/29/2026,04:00 PM,False,2026年4-6月期 第1四半期決算発表（日付:予定/moomoo集計）。時刻は前年2025年Q1の開示時刻15:30に準拠。
【決算】日立製作所(6501) 第1四半期決算発表,07/29/2026,03:30 PM,07/29/2026,04:00 PM,False,2026年4-6月期 第1四半期決算発表（日付:予定/moomoo集計）。時刻は前年2025年Q1の開示時刻15:30に準拠。
【決算】ソシオネクスト(6526) 第1四半期決算発表,07/29/2026,03:30 PM,07/29/2026,04:00 PM,False,2026年4-6月期 第1四半期決算発表（日付:予定/moomoo集計）。時刻は前年2025年Q1の開示時刻15:30に準拠。
【決算】東京エレクトロン(8035) 第1四半期決算発表,07/30/2026,04:00 PM,07/30/2026,04:30 PM,False,2026年4-6月期 第1四半期決算発表（日付:東京エレクトロン公式IRカレンダー）。時刻は前年2025年Q1の開示時刻16:00に準拠。
【決算】村田製作所(6981) 第1四半期決算発表,07/31/2026,02:00 PM,07/31/2026,02:30 PM,False,2026年4-6月期 第1四半期決算発表（日付:予定/moomoo集計）。時刻は前年2025年Q1の開示時刻14:00に準拠。
【決算】キオクシア(285A) 第1四半期決算発表,07/31/2026,03:30 PM,07/31/2026,04:00 PM,False,2026年4-6月期 第1四半期決算発表（日付:予定/moomoo集計）。時刻は前年2025年Q1の開示時刻15:30に準拠。
【決算】イビデン(4062) 第1四半期決算発表,08/04/2026,03:40 PM,08/04/2026,04:10 PM,False,2026年4-6月期 第1四半期決算発表（日付:予定/moomoo集計）。時刻は前年2025年Q1の開示時刻15:40に準拠。
【決算】ソフトバンクグループ(9984) 第1四半期決算発表,08/06/2026,03:30 PM,08/06/2026,04:00 PM,False,2026年4-6月期 第1四半期決算発表。時刻は今年公表の予定：短信開示15:30／決算説明会16:30（SBG公式）。
【決算】第一ライフグループ(8750) 第1四半期決算発表,08/07/2026,02:30 PM,08/07/2026,03:00 PM,False,2026年4-6月期 第1四半期決算発表（日付:公式IRイベント）。時刻は前年2025年Q1の開示時刻14:30に準拠。旧・第一生命HD。
【決算】Alphabet(GOOGL) 2026 Q2決算発表,07/23/2026,05:30 AM,07/23/2026,06:30 AM,False,2026暦年Q2。米7/22引け後発表、コール16:30 ET=7/23 05:30 JST。数値リリースは引け後〜05:00 JST頃。
【決算】Meta(META) 2026 Q2決算発表,07/30/2026,05:30 AM,07/30/2026,06:30 AM,False,2026暦年Q2。米7/29引け後発表、コール16:30 ET=7/30 05:30 JST。数値リリースは引け後〜05:00 JST頃。
【決算】Microsoft(MSFT) FY2026 Q4(通期)決算発表,07/30/2026,06:30 AM,07/30/2026,07:30 AM,False,FY2026 Q4(通期・6月決算)。米7/29引け後発表、コール17:30 ET=7/30 06:30 JST。数値リリースは引け後〜05:00 JST頃。
【決算】Amazon(AMZN) 2026 Q2決算発表,07/31/2026,06:00 AM,07/31/2026,07:00 AM,False,2026暦年Q2。米7/30引け後発表、コール17:00 ET=7/31 06:00 JST。数値リリースは引け後〜05:00 JST頃。
